Fund Name,P1,P2,P3,P4,P5,Topsis Score,Rank
M1,0.88,0.77,6.0,47.3,13.74,0.4141906066530494,5
M2,0.79,0.62,6.4,69.7,19.38,0.6469164543648589,2
M3,0.78,0.61,3.7,49.3,13.6,0.45526007273138513,3
M4,0.9,0.81,3.0,65.8,17.63,0.8866945435636363,1
M5,0.64,0.41,4.5,41.4,11.74,0.2148037307451064,8
M6,0.61,0.37,6.2,53.3,15.12,0.32896473177810936,7
M7,0.85,0.72,3.8,39.5,11.22,0.38070716790062625,6
M8,0.9,0.81,6.3,48.9,14.23,0.4457180978772049,4
